mean_fit_time,std_fit_time,mean_score_time,std_score_time,param_learning_rate,param_max_depth,param_n_estimators,param_subsample,params,split0_test_score,split1_test_score,split2_test_score,split3_test_score,split4_test_score,mean_test_score,std_test_score,rank_test_score
2.3446967601776123,0.015903624912953964,0.11351065635681153,0.007086930997213126,0.05,3,100,0.8,"{'learning_rate': 0.05, 'max_depth': 3, 'n_estimators': 100, 'subsample': 0.8}",0.9702471189930425,0.967972133740861,0.9659023980226445,0.9661422302349307,0.9636855098418555,0.9667898781666668,0.0021997460726129055,9
1.9469481468200684,0.016440909519584972,0.10671262741088867,0.005304729275411678,0.05,3,100,1.0,"{'learning_rate': 0.05, 'max_depth': 3, 'n_estimators': 100, 'subsample': 1.0}",0.9703737429389043,0.9677898152389296,0.966029177173364,0.9661524624104809,0.9637147089769622,0.9668119813477281,0.0022037762360938434,8
4.407727670669556,0.02970549713357137,0.17485146522521972,0.0010555725915740264,0.05,3,200,0.8,"{'learning_rate': 0.05, 'max_depth': 3, 'n_estimators': 200, 'subsample': 0.8}",0.9702079080275586,0.9684948633635216,0.9662645172110184,0.9678732148597143,0.9652158439997525,0.967611269492313,0.0017403269914038721,3
3.632006072998047,0.042679149125852855,0.16403722763061523,0.00558560764630095,0.05,3,200,1.0,"{'learning_rate': 0.05, 'max_depth': 3, 'n_estimators': 200, 'subsample': 1.0}",0.9703889777726273,0.9687708386301436,0.966566740737635,0.9679361053045594,0.9650211830990414,0.9677367691088012,0.0018377496704458937,1
2.8493072509765627,0.013449128869977966,0.12867727279663085,0.005456150205675573,0.05,5,100,0.8,"{'learning_rate': 0.05, 'max_depth': 5, 'n_estimators': 100, 'subsample': 0.8}",0.9700975179209097,0.9683677399149148,0.9662041224187465,0.9674419660950624,0.9648397491569687,0.9673902191013205,0.0017999674368374173,6
2.4448101997375487,0.015812497098541555,0.13572430610656738,0.004421317193445822,0.05,5,100,1.0,"{'learning_rate': 0.05, 'max_depth': 5, 'n_estimators': 100, 'subsample': 1.0}",0.9695947684080498,0.9685353230858681,0.9667152320657415,0.9676950252659867,0.9648612117690981,0.9674803121189488,0.001617102928372427,5
5.504286479949951,0.02344270206630022,0.25821762084960936,0.006522162943680414,0.05,5,200,0.8,"{'learning_rate': 0.05, 'max_depth': 5, 'n_estimators': 200, 'subsample': 0.8}",0.9691122487563629,0.967037314353561,0.9651691752966333,0.9668502468699525,0.9644663995320153,0.9665270769617049,0.0016209986178141382,12
4.5646734714508055,0.05707131957115027,0.24642610549926758,0.0037203435341706605,0.05,5,200,1.0,"{'learning_rate': 0.05, 'max_depth': 5, 'n_estimators': 200, 'subsample': 1.0}",0.9692051562669363,0.9674429105825151,0.9653498605429343,0.9670718608184543,0.9644639038794419,0.9667067384180564,0.001660649264968109,11
2.3479519367218016,0.024544045141904995,0.11462554931640626,0.007303267220104339,0.1,3,100,0.8,"{'learning_rate': 0.1, 'max_depth': 3, 'n_estimators': 100, 'subsample': 0.8}",0.9703287876918527,0.9684678902152907,0.9663296537431794,0.9682830010122367,0.9645402708481825,0.9675899207021483,0.0019819798288173715,4
1.9494625568389892,0.019409878139099893,0.11349897384643555,0.002950694301203698,0.1,3,100,1.0,"{'learning_rate': 0.1, 'max_depth': 3, 'n_estimators': 100, 'subsample': 1.0}",0.9702079080275585,0.9685867718686048,0.9666126607449822,0.9681270227264106,0.9651095292001333,0.9677287785135379,0.0017405183157191996,2
4.476717901229859,0.03693169208295688,0.16924500465393066,0.00946446627294267,0.1,3,200,0.8,"{'learning_rate': 0.1, 'max_depth': 3, 'n_estimators': 200, 'subsample': 0.8}",0.9694514111202297,0.9678205346577482,0.9648322621992489,0.9672275895390229,0.9644040082176848,0.9667471611467869,0.0018896091490785694,10
3.63214693069458,0.02261523286178648,0.16302952766418458,0.006818055673200311,0.1,3,200,1.0,"{'learning_rate': 0.1, 'max_depth': 3, 'n_estimators': 200, 'subsample': 1.0}",0.9699569078981872,0.9678834720036203,0.9653593440227125,0.9674035330454348,0.9648095517608327,0.9670825617461576,0.0018516154748185799,7
2.873776435852051,0.020466883284802572,0.12665624618530275,0.019606825689461708,0.1,5,100,0.8,"{'learning_rate': 0.1, 'max_depth': 5, 'n_estimators': 100, 'subsample': 0.8}",0.9686856734121182,0.967093258661003,0.9652635109639008,0.9664384641953715,0.9643171595081368,0.966359613348106,0.0015051954323414567,14
2.4519784450531006,0.00862497949495497,0.1354651927947998,0.012274848888658459,0.1,5,100,1.0,"{'learning_rate': 0.1, 'max_depth': 5, 'n_estimators': 100, 'subsample': 1.0}",0.9686297291046763,0.967150201973935,0.9649750135264369,0.966926613838693,0.9645128186698771,0.9664388754227236,0.001509721851678762,13
3.246634101867676,0.049516568015485415,0.09898734092712402,0.001817997750214501,0.1,5,200,0.8,"{'learning_rate': 0.1, 'max_depth': 5, 'n_estimators': 200, 'subsample': 0.8}",0.966806044582618,0.9644738662661321,0.9631781436737203,0.9650638587580433,0.9627513870837002,0.9644546600728428,0.0014443776529351777,16
2.5069162368774416,0.05488077180002829,0.10366640090942383,0.0044314915995185165,0.1,5,200,1.0,"{'learning_rate': 0.1, 'max_depth': 5, 'n_estimators': 200, 'subsample': 1.0}",0.9672316209213727,0.964844497302935,0.9635779472159498,0.9650294187525331,0.9636478254879999,0.9648662619361581,0.00132411171518345,15
