Feature,Importance
Feature_25,0.28371686
Feature_41,0.22413261
Feature_24,0.17162043
Feature_36,0.051154424
Feature_42,0.046829626
Feature_37,0.04538843
Feature_33,0.035605527
Feature_38,0.026742306
Feature_35,0.025757939
Feature_34,0.024693104
Feature_39,0.020731106
Feature_26,0.0042301957
Feature_12,0.0038092665
Feature_6,0.003302651
Feature_13,0.0026906005
Feature_14,0.0026019465
Feature_23,0.0025672736
Feature_5,0.0023698476
Feature_21,0.0023048294
Feature_20,0.0020185963
Feature_40,0.0020177139
Feature_7,0.0019970024
Feature_9,0.0018584131
Feature_32,0.0017814636
Feature_0,0.0013353858
Feature_29,0.0013327197
Feature_3,0.0013180225
Feature_18,0.0011709669
Feature_30,0.0010590857
Feature_4,0.0010186582
Feature_22,0.00080564903
Feature_16,0.00068251375
Feature_31,0.0006503981
Feature_2,0.0006170431
Feature_17,8.737503e-05
Feature_10,0.0
Feature_8,0.0
Feature_1,0.0
Feature_11,0.0
Feature_19,0.0
Feature_15,0.0
Feature_28,0.0
Feature_27,0.0
